{
  "shuffle": true,
  "subset": null,
  "min_freq": 75,
  "lower": true,
  "stem": false,
  "analyzer": "char_wb",
  "ngram_max_range": 5,
  "alpha": 0.0001,
  "learning_rate": 0.9624199037013063,
  "power_t": 0.1381293682631121,
  "num_epochs": 100,
  "threshold": 0.430150160825447
}
