{
  "overall": {
    "precision": 0.9116161616161617,
    "recall": 0.7569444444444444,
    "f1": 0.7929971988795519,
    "num_samples": 144.0
  },
  "class": {
    "computer-vision": {
      "precision": 1.0,
      "recall": 0.6666666666666666,
      "f1": 0.8,
      "num_samples": 54.0
    },
    "mlops": {
      "precision": 1.0,
      "recall": 0.75,
      "f1": 0.8571428571428571,
      "num_samples": 12.0
    },
    "natural-language-processing": {
      "precision": 1.0,
      "recall": 0.7586206896551724,
      "f1": 0.8627450980392156,
      "num_samples": 58.0
    },
    "other": {
      "precision": 0.36363636363636365,
      "recall": 1.0,
      "f1": 0.5333333333333333,
      "num_samples": 20.0
    }
  },
  "slices": {
    "nlp_cnn": {
      "precision": 1.0,
      "recall": 1.0,
      "f1": 1.0,
      "num_samples": 1
    },
    "short_text": {
      "precision": 0.6,
      "recall": 0.6,
      "f1": 0.6,
      "num_samples": 5
    }
  }
}
